{
  "success": true,
  "total_questions": 50,
  "answers": {
    "1": null,
    "2": "A",
    "3": "A",
    "11": null,
    "20": "C",
    "21": null,
    "26": "B",
    "31": null,
    "41": null
  },
  "confidence": {
    "1": 0.0,
    "2": 0.33031875,
    "3": 0.31354375,
    "4": 0.0,
    "5": 0.0,
    "6": 0.0,
    "7": 0.0,
    "8": 0.0,
    "9": 0.0,
    "10": 0.0,
    "11": 0.0,
    "12": 0.0,
    "13": 0.0,
    "14": 0.0,
    "15": 0.0,
    "16": 0.0,
    "17": 0.0,
    "18": 0.0,
    "19": 0.0,
    "20": 0.26745468749999995,
    "21": 0.0,
    "22": 0.0,
    "23": 0.0,
    "24": 0.0,
    "25": 0.0,
    "26": 0.25313437499999997,
    "27": 0.0,
    "28": 0.0,
    "29": 0.0,
    "30": 0.0,
    "31": 0.0,
    "32": 0.0,
    "33": 0.0,
    "34": 0.0,
    "35": 0.0,
    "36": 0.0,
    "37": 0.0,
    "38": 0.0,
    "39": 0.0,
    "40": 0.0,
    "41": 0.0,
    "42": 0.0,
    "43": 0.0,
    "44": 0.0,
    "45": 0.0,
    "46": 0.0,
    "47": 0.0,
    "48": 0.0,
    "49": 0.0,
    "50": 0.0
  },
  "metadata": {
    "answered_count": 9,
    "unanswered": [
      4,
      5,
      6,
      7,
      8,
      9,
      10,
      12,
      13,
      14,
      15,
      16,
      17,
      18,
      19,
      22,
      23,
      24,
      25,
      27,
      28,
      29,
      30,
      32,
      33,
      34,
      35,
      36,
      37,
      38,
      39,
      40,
      42,
      43,
      44,
      45,
      46,
      47,
      48,
      49,
      50
    ],
    "multiple_marks": [
      1,
      11,
      21,
      31,
      41
    ],
    "low_confidence_questions": [
      2,
      3,
      20,
      26
    ]
  },
  "requires_validation": [
    1,
    11,
    21,
    31,
    41
  ]
}